domain,visit_count,last_visit_time,sample_url,sample_title,rule_category,rule_interesting,llm_informational,interesting,summary
app.warp.dev,20,2025-09-20 16:34:58,https://app.warp.dev/__/auth/handler?state=AMbdmDnrhtm2NpyjYWqpcZQ3AcVA9P3RqGBEQdN-DgOKN_41mvs5BnOyGwXryH_5r3AHwU_4CBx3AoBMzDBmv-Vzkgj48ctlN1MLJyxRLzVH215XNZK1V_OJFnPB5EF_fNYaEpJzw_jnGMOAhDancEjGRAu5y9_QsciHIHKudxxM369hX4_mZaxZV2FxBtnMIDTtPlqbcbI6hlOby-miOl-60BvTxmVoaK7oVoHi7dvOHgtQjRAYdZE9tqpT7k545SbMOuFL8Si0GBbce8Gd4vlVL_vbIJKxj0KtoGmo7d7Zsj_JpM1I&code=4%2F0AVGzR1BLN1xelswzLVZVzwPxG8Rwk5vbQGcZOzetylVRMQX4tj53cgLE4-1hlwvcUeV5pA&scope=email+profile+https%3A%2F%2Fwww.googleapis.com%2Fauth%2Fuserinfo.email+https%3A%2F%2Fwww.googleapis.com%2Fauth%2Fuserinfo.profile+openid&authuser=0&prompt=none,,other,False,True,True,"The website at app.warp.dev appears to be a personal knowledge management application, designed to help users organize and track their learning and insights across various topics or projects. Specific details about the platform are not provided in the information you've given, so it's best to explore the site directly for more specific features and capabilities."
docs.google.com,9,2025-09-20 21:54:51,https://docs.google.com/spreadsheets/d/1XRBeD2lH0U66sX8uUmoDkHkfCoEjKc6T0L5IQMbsBWs/edit?gid=1206026337#gid=1206026337,Untitled spreadsheet - Google Sheets,other,False,True,True,"This website, docs.google.com, is about Google Sheets, a free online spreadsheet application where users can create and edit spreadsheets for personal knowledge tracking, data organization, and other purposes. The sample titles suggest these are untitled, newly created Google Sheet documents."
docs.warp.dev,3,2025-09-20 16:36:28,https://docs.warp.dev/,Quickstart Guide | Warp documentation,informational,True,True,True,"The website docs.warp.dev provides a quickstart guide for Warp, an Agentic Development Environment designed to assist developers in shipping projects faster by leveraging development agents."
dppgmdbiimibapkepcbdbmkaabgiofem,3,2025-09-20 16:15:52,chrome-extension://dppgmdbiimibapkepcbdbmkaabgiofem/inline/notification/notification.html?tutorialMode=false&notificationId=9anrsi&language=en&maxNotificationHeight=654#autosave-exit,"Income Tax Portal, Government of India My Bank Account Page",other,False,True,True,"The domain 'dppgmdbiimibapkepcbdbmkaabgiofem' appears to belong to the Income Tax Portal of the Government of India, offering services such as filing income tax returns, managing bank accounts, and opening NRI demat accounts. It primarily focuses on personal finance management and taxation for individuals in India."
efaidnbmnnnibpcajpcglclefindmkaj,4,2025-09-20 16:22:14,chrome-extension://efaidnbmnnnibpcajpcglclefindmkaj/https://onpointcu.myepresentment.com/api/customer/37109512,Document.pdf,other,False,True,True,"The domain 'efaidnbmnnnibpcajpcglclefindmkaj' appears to be a personal knowledge tracking website, as indicated by the repetitive file names ""Document.pdf"" in the sample titles. However, without additional information, it is difficult to provide a precise summary. The page title and description are not provided, so I cannot provide those details."
eportal.incometax.gov.in,32,2025-09-20 16:16:07,https://eportal.incometax.gov.in/iec/foservices/#/dashboard/myProfile/myBankAccount/addbank/BOYPS8036P-504154680468426224879130331549026516335,"Income Tax Portal, Government of India Add Bank Account Page",other,False,True,True,"The eportal.incometax.gov.in website is an online platform for filing income tax and managing bank accounts related to taxes, provided by the Income Tax Department of the Government of India. The site's main purpose is to assist individuals in handling their tax-related matters electronically."
github.com,12,2025-09-20 16:34:50,https://github.com/login/oauth/authorize?response_type=code&client_id=ca4bc2b96155ee797dde&redirect_uri=https%3A%2F%2Fapp.warp.dev%2F__%2Fauth%2Fhandler&state=AMbdmDnhBZqoqyOejmH6cohSzQ9_mKaVOvqx6cJwinoScDvlGzU7vi89RLFn_nXP-B-OQ4A2mAiC1M8t4rxvVqimOKTcW9Yks1OXqb0d9q4ljBzyBf8iK5TTV5q6LmwTxImi8gKuxt3hNXXB3NihCaWHXyX3S7DlO5ry8ETSB7k-ymPomxYw-e34UUrjh3DTVuR6hv5KrgCZolhi_Wy506MBFnSW8V8EoWpb8XGPYb8kbEnLet2jvkdHEqgHmErwIscR2wWrh90SfTze-vcjNc9tKGKfAjWVnom4qgxPQeTSxbqDXIHR4wY&scope=user%3Aemail&context_uri=https%3A%2F%2Fapp.warp.dev,,other,False,True,True,"GitHub is a platform where millions of people develop and collaborate on software projects, hosting over 420 million projects. The website allows users to sign in for access."
omni.axisbank.co.in,9,2025-09-20 00:04:34,https://omni.axisbank.co.in/axisretailbanking/,Axis Omni Channel,other,False,True,True,"The website, omni.axisbank.co.in, appears to be about Axis Omni Channel, a service provided by Axis Bank that facilitates multichannel banking for customers, allowing them to manage their finances across various platforms such as mobile, internet, and branches."
onpointcu.myepresentment.com,3,2025-09-20 16:23:35,https://onpointcu.myepresentment.com/content?type=support,OnPoint Community Credit Union,other,False,True,True,"The website onpointcu.myepresentment.com, associated with OnPoint Community Credit Union, appears to offer online banking and financial services, including ePresentment - a digital solution for accessing and managing financial documents like statements and receipts electronically."
secure.onpointcu.com,17,2025-09-20 20:04:59,https://secure.onpointcu.com/opccuonline_42/uux.aspx#/loading,"OnPoint Community Credit Union: Banking, Loans & Credit",other,False,True,True,"The website secure.onpointcu.com belongs to OnPoint Community Credit Union, a financial institution that offers banking services, loans, and credit solutions. It provides account details for members to manage their finances online."
sheets.google.com,1,2025-09-20 21:54:19,https://sheets.google.com/,Google Sheets,other,False,True,True,"The Google Sheets website, specifically the page ""Google Sheets: Sign-in,"" is for accessing and using Google's spreadsheet application, which allows users to create, edit, share, and organize data in tables via their personal Google accounts or Google Workspace accounts (primarily used for business purposes)."
signup.zerodha.com,30,2025-09-20 16:19:19,https://signup.zerodha.com/nri/user/upload,Open an NRI demat account,other,False,True,True,"The website signup.zerodha.com is an online stock brokerage platform that offers services like trading and investing in various financial instruments such as stocks, futures, options, commodities, currency, ETFs, mutual funds, and bonds, specifically catering to Non-Resident Indians (NRI) for opening a demat account."
support.zerodha.com,1,2025-09-20 16:23:08,https://support.zerodha.com/category/your-zerodha-account/your-profile/kyc-re-activation/articles/clients-of-special-category,"Who are Clients of Special Category (CSC), and when must they provide income proof?",other,False,True,True,"The support.zerodha.com webpage is about providing information regarding Clients of Special Category (CSC) on the Zerodha platform, explaining who they are and when they are required to submit income proof."
www.bing.com,6,2025-09-20 16:20:30,https://www.bing.com/search?qs=HS&pq=onpo&sk=CSYN1UAS7FT3LS9MT1&sc=25-4&q=onpointcu&cvid=98ec4f16b1644bfb8086524ac2f885e0&gs_lcrp=EgRlZGdlKgkIABBFGDsY-QcyCQgAEEUYOxj5BzIGCAEQRRg7MgYIAhBFGDkyBggDEAAYQDIGCAQQABhAMgYIBRAAGEAyBggGEAAYQDIGCAcQRRg8MgYICBBFGDzSAQgxOTA0ajBqMagCCLACAQ&FORM=EDGUC2&PC=U531,onpointcu - Search,other,False,True,True,"The website www.bing.com is an intelligent search engine by Microsoft, providing quick access to information and offering rewards. It's not specifically a personal knowledge tracking tool but can be used as a resource for that purpose by utilizing its search functionality."
www.google.com,1,2025-09-20 20:33:54,https://www.google.com/url?q=https://www.linkedin.com/comm/messaging/?lipi%3Durn%253Ali%253Apage%253Aemail_email_notification_digest_01%253BsbAx5JebSeWovbkoKbM1Gg%253D%253D%26midToken%3DAQFGvHmrABb09g%26midSig%3D1JwuW7_cBXcbY1%26trk%3Deml-email_notification_digest_01-notification_card_MESSAGING_cta-0-MESSAGING%26trkEmail%3Deml-email_notification_digest_01-notification_card_MESSAGING_cta-0-MESSAGING-null-5ymb~mft205yg~ry-null-null%26eid%3D5ymb-mft205yg-ry%26otpToken%3DMTAwMjE2ZTExNjI5YzNjNWIzMmIwZGVlNDQxZWU1Yjc4ZWNkZDY0NDkzYTc4YTZhNzJjNDA4NmQ0ZTUwMGFhODg4YmRhYWVhNjdjYTBjYzhkNjlmYTFmOTZlMzZjM2RjY2U1MTYzMDQ5ZWI4LDEsMQ%253D%253D&source=gmail&ust=1758510217050000&usg=AOvVaw18Iyk0sByJjniS05UpQFHn,LinkedIn,other,False,True,True,"The website www.google.com, while primarily a search engine, doesn't specifically focus on personal knowledge tracking like LinkedIn does. The ""Sign in"" page is for users to access Google services such as Gmail, YouTube, or Google Drive after logging in. It's not directly related to personal knowledge management unless used in conjunction with these services."
www.incometax.gov.in,6,2025-09-20 16:31:11,https://www.incometax.gov.in/iec/foportal/,Home | Income Tax Department,other,False,True,True,"The website, www.incometax.gov.in, is the official portal of India's Income Tax Department. It provides information and services related to income tax, including filing returns, paying taxes, and accessing various e-services offered by the department."
www.onpointcu.com,5,2025-09-20 20:05:00,https://www.onpointcu.com/,"OnPoint Community Credit Union: Banking, Loans & Credit",other,False,True,True,"The website www.onpointcu.com is an online platform for OnPoint Community Credit Union, offering banking services such as savings accounts, credit cards, home and auto loans, to residents of Oregon and Washington. The primary purpose is to provide financial services to its members."
www.reddit.com,5,2025-09-20 20:43:24,https://www.reddit.com/prefs/apps?solution=eadc6a6c5578bd6ceadc6a6c5578bd6c&js_challenge=1&token=54dba411ecc9fd270bca6277dc2a43618507847c516202dd24a5a4f14b2d261b,preferences (reddit.com),informational,True,True,True,"The website Reddit, accessible at www.reddit.com, is a social news aggregation and discussion platform where users submit, vote, and discuss content on a variety of topics, such as technology, science, movies, and books. Titles like ""preferences (reddit.com)"", ""Reddit - Please wait for verification"", and ""Too Many Requests"" might suggest user account creation or content submission processes, potential error messages, or rate limits in place on the platform."
www.warp.dev,1,2025-09-20 16:36:32,https://www.warp.dev/blog/introducing-warp-code-prompt-to-prod,Warp: Introducing Warp Code: the fastest way from Prompt to Production,other,False,True,True,"Warp.dev is a platform that offers features for deploying AI-generated code directly from prompt to production. It includes code review tools, a lightweight file editor, and WARP.md for seamless integration with a top-rated coding agent."
zerodha.com,2,2025-09-20 16:18:11,https://zerodha.com/open-account/nri,Open NRI demat and trading account in India with Zerodha,other,False,True,True,"The website zerodha.com provides a platform for Non-Resident Indians (NRI) to open demat and trading accounts in India, enabling them to invest in the Indian stock market using their NRE or NRO accounts with either PIS or Non-PIS setups."
